[
  { "id": 1, "value": "1张三1" },
  { "id": 2, "value": "2张三2" },
  { "id": 34, "value": "3张三3" },
  { "id": 4, "value": "4张三4" },
  { "id": 5, "value": "5张三5" },
  { "id": 6, "value": "6张三6" },
  { "id": 7, "value": "7张三7" },
  { "id": 8, "value": "8张三8" },
  { "id": 9, "value": "9张三9" },
  { "id": 10, "value": "0张三0" },
  { "id": 11, "value": "11张三" },
  { "id": 121, "value": "12张三" },
  { "id": 13, "value": "13张三" },
  { "id": 14, "value": "14张三" }
]